"Timestamp","Username","Name","Age","How would you associate yourself with fitness?","Your motivation factor behind fitness?","What are your preferred exercises/activities while working out?","What are the other activities you enjoy while working out?","Which is your favourite workout segment?","How do you prefer working out?","How can fitness be hard according to you?","How much time do you associate with working out?","Do you know about cult.fit?","On a scale of 1 to 5 how does cult.fit meet your fitness needs. (Only continue if you know about cult.fit)","What problems do you face with cult.fit?(mention if any)"
"2022/10/13 6:23:02 PM GMT+5:30","RishonNotJacob@gmail.com","Rishon Jacob","16","4","Stress reliever","Strength Training","Listening to music","Intense","Individually","Fear of injury;Lack of awareness","1 hour","No","",""
"2022/10/13 6:48:40 PM GMT+5:30","ppatel.juned274@gmail.com","Zuber Patel","16","3","Weight loss","GYM ","You only focus on working out","Intense","With instructer","Laziness;Fear of injury","more than 1 hour","No","",""
"2022/10/13 7:07:50 PM GMT+5:30","prustifadadu@gamil.com","Prusti","16","3","Stress reliever;Sense of accomplishment;Body appreciation","Dance fitness(cardio and endurance)","Listening to music","Intense","With instructer","Time consuming;Laziness","1 hour","Yes","2","Non"
"2022/10/13 7:14:15 PM GMT+5:30","shrutipareek3636@gmail.com","Shruti Pareek","16","2","Weight loss","Yoga(flexibility and well-being)","Listening to music","Enjoyable exercises like dancing, zumba or yoga","by watching videos","Time consuming;Not motivating enough;Its boring to workout","Its hard to take out time for this","No","",""
"2022/10/13 7:16:09 PM GMT+5:30","paulsumedh9@gmail.com","sumedh","16","3","Sense of accomplishment;Boredom;Body appreciation;Weight loss","gym","Listening to music","Warm up","Individually","Time consuming;Not motivating enough;Laziness","more than 1 hour","Yes","",""
"2022/10/13 7:33:16 PM GMT+5:30","kananagarwal24@gmail.com","Kanan ","17","3","Sense of accomplishment;Boredom;Socialization","Dance fitness(cardio and endurance)","Listening to music","Enjoyable exercises like dancing, zumba or yoga","Group","Not motivating enough;Laziness","1 hour","Yes","5",""
"2022/10/13 7:35:57 PM GMT+5:30","jenilkadiwar@gmail.com","Jenil kadivar ","16","5","Stress reliever;Body appreciation;Weight loss","Yoga(flexibility and well-being)","Listening to music","Warm up","With instructer","Too many exercises;Time consuming;Fear of injury","1 hour","No","4",""
"2022/10/13 7:49:10 PM GMT+5:30","varshinihota88@gmail.com","Varshini ","16","4","Stress reliever;Sense of accomplishment;Sedentary jobs and lifestyles","Dance fitness(cardio and endurance)","Listening to music;Clicking pictures while working out;Walking with a companion or a pet;Texting","Intense","by watching videos","Lack of time management ","30 minutes","Yes","5",""
"2022/10/13 7:49:43 PM GMT+5:30","NotZadcops@gmail.com","Zuber Patel","16","2","Weight loss","I don't exercise","Listening to music","Simple exercises","With instructer","Its boring to workout;Low Self-confidence;Laziness","1 hour","No","",""
"2022/10/13 7:55:40 PM GMT+5:30","smexybutter69@gmail.com","Vimal Rajshree","16","4","Stress reliever;Sense of accomplishment;Boredom","Strength training","Listening to music","Intense","Individually","Too many exercises;Not motivating enough;Laziness","more than 1 hour","No","",""
"2022/10/13 7:57:11 PM GMT+5:30","prithvig210@gmail.com","Prithvi ","16","3","Stress reliever;Boredom;Life","I don't exercise","Listening to music","Intense","Individually","Low Self-confidence;Laziness;Fear of injury","Its hard to take out time for this","No","1","Never tried"
"2022/10/13 8:16:31 PM GMT+5:30","khadijah.zaree@gmail.com","Khadijah ","16","3","Stress reliever;Sense of accomplishment","Dance fitness(cardio and endurance)","Listening to music;Walking with a companion or a pet","Enjoyable exercises like dancing, zumba or yoga","by watching videos","Not motivating enough;Fear of injury;Low accessibility","Its hard to take out time for this","Yes","3","-"
"2022/10/13 8:24:10 PM GMT+5:30","akansha.angel6133@gmail.com","Akansha agarwal ","15","1","Stress reliever","Dance fitness(cardio and endurance)","Listening to music;Clicking pictures while working out;Phone calls","Simple exercises","Group","Fear of injury","1 hour","No","5",""
"2022/10/13 9:20:52 PM GMT+5:30","vaibhavvs1999@gmail.com","vijaya ","17","4","Body appreciation;Weight loss;Socialization","Strength training","","Simple exercises","Individually","Time consuming;Low Self-confidence;Laziness;Fear of injury;Lack of awareness","30 minutes","Yes","",""
"2022/10/13 9:43:41 PM GMT+5:30","jatinaryan18@gmail.com","Jatin Aryan","16","3","Stress reliever;Sense of accomplishment;Body appreciation","Badminton & Basketball","Listening to music;Clicking pictures while working out;Phone calls;Texting","Intense","Group","Its boring to workout;Laziness","1 hour","Yes","",""
"2022/10/13 9:48:06 PM GMT+5:30","uniqnm@gmail.com","NIDHI (unicorn)","16","3","Body appreciation","Dance fitness(cardio and endurance)","Listening to music;Clicking pictures while working out;Phone calls;Walking with a companion or a pet;Online shopping;Texting","Enjoyable exercises like dancing, zumba or yoga","by watching videos","Low Self-confidence;Laziness;Fear of injury;Lack of awareness","30 minutes","","5","~no problems~"
"2022/10/13 10:00:05 PM GMT+5:30","veerannalakshmi01@gmail.com","Havish.v","15","4","Stress reliever;Sense of accomplishment;Body appreciation;Weight loss;Socialization","Strength training","Listening to music;Strategise","Intense","With instructer","Not motivating enough;Low Self-confidence;Laziness;Low accessibility;Lack of awareness","1 hour","Yes","5",""
"2022/10/13 10:45:00 PM GMT+5:30","helenvinnie55@gmail.com","Helen Vinnie","17","3","Sedentary jobs and lifestyles","Dance fitness(cardio and endurance)","Listening to music","Enjoyable exercises like dancing, zumba or yoga","Group","Too many exercises","1 hour","No","",""
"2022/10/14 8:00:34 AM GMT+5:30","yeswanth.achukolu@gmail.com","Uk:))","16","4","Stress reliever;Boredom;Weight loss","Boxing","Listening to music","Intense","Individually","Not motivating enough;Low Self-confidence","more than 1 hour","Yes","4",""
"2022/10/14 8:53:56 AM GMT+5:30","aKANSHA.ANGEL6133@GMAIL.COM","AKANSHA AGARWAL","15","1","Stress reliever","Dance fitness(cardio and endurance)","Listening to music","Simple exercises","With instructer","Too many exercises;Its boring to workout;Fear of injury","Its hard to take out time for this","Yes","5","FAT
"
"2022/10/14 10:15:43 AM GMT+5:30","hetvikesharia@gmail.com","Hetvi ","18","1","Sense of accomplishment;Boredom","Dance fitness(cardio and endurance)","Listening to music","Enjoyable exercises like dancing, zumba or yoga","Individually","Not motivating enough;Its boring to workout;Laziness","30 minutes","Yes","5",""
"2022/10/14 2:17:07 PM GMT+5:30","akansha.angel6133@gmail.com","akansha agarwal","15","3","Nothing;Stress reliever;Boredom","Dance fitness(cardio and endurance)","Listening to music","Simple exercises","With instructer","Too many exercises;Time consuming;Its boring to workout;Fear of injury","Its hard to take out time for this","Yes","5","tight"
"2022/10/14 3:44:25 PM GMT+5:30","yashjain18042006@gmail.com","Yash ","16","5","Body appreciation","I don't exercise","Listening to music","Warm up","Individually","Laziness;Fear of injury","more than 1 hour","Yes","3","None"
"2022/10/14 4:01:08 PM GMT+5:30","mandal.nishan@gmail.com","Nishan Mandal","16","4","Boredom","Strength training","Listening to music","Intense","Individually","No companion/friend to workout with","1 hour","Yes","3",""
"2022/10/14 4:44:14 PM GMT+5:30","keelololol6@gmail.com","Keertana ","15","1","Nothing","I don't exercise","","","none","Not motivating enough;Laziness;Fear of injury;No companion/friend to workout with","Its hard to take out time for this","Yes","1","too far from my house"
"2022/10/14 5:43:39 PM GMT+5:30","shambhavisrivastava476@gmail.com","Shambhavi ","16","3","Body appreciation","Yoga(flexibility and well-being)","Listening to music","Intense","by watching videos","Time consuming;Not motivating enough","Its hard to take out time for this","No","",""
"2022/10/14 5:56:43 PM GMT+5:30","abhirajsharma776@gmail.com","Abhiraj","16","3","Body appreciation","Strength training","Listening to music","Simple exercises","Individually","Too many exercises;Time consuming;Not motivating enough;Its boring to workout;Laziness;No companion/friend to workout with","30 minutes","Yes","4","The design of cult.fit is too strong doesn't make me want to workout on it rather by myself"
"2022/10/14 5:59:19 PM GMT+5:30","microwavedchild.baguette@gmail.com","microwaved child","16","2","Nothing","I don't exercise","Listening to music;Walking with a companion or a pet","Warm up","Individually","Too many exercises;Time consuming;Not motivating enough;Its boring to workout;Laziness;No companion/friend to workout with;Lack of awareness","Its hard to take out time for this","No","",""
"2022/10/14 6:03:16 PM GMT+5:30","arjun.nair0689@gmail.com","Arjun","16","4","Sense of accomplishment;Socialization","Strength training","You only focus on working out;Clicking pictures while working out","Intense","Group","Time consuming","more than 1 hour","No","",""
"2022/10/14 6:08:54 PM GMT+5:30","rsajacob@gmail.com","Jacob","15","5","I get no girls and have no play ","Strength training","You only focus on working out","Intense","Individually","Not motivating enough;Laziness;No companion/friend to workout with","1 hour","No","",""